"ind","predicted.trait1","predicted.trait2"
"F2_0001.0001",99.1592748305456,15.8794904064769
"F2_0001.0002",104.429160347993,15.6980055885847
"F2_0001.0003",97.3837099872715,16.4991710833806
"F2_0001.0004",97.0451828157414,16.0095590472923
"F2_0001.0005",111.254398668759,15.439266914038
"F2_0001.0006",94.611138598277,16.4203041245745
"F2_0001.0007",101.935686928494,16.0593862796317
"F2_0001.0008",95.3021667321367,16.5054053532512
"F2_0001.0009",109.805289286384,17.1007829452009
"F2_0001.0010",102.195039920587,16.3016055529855
"F2_0001.0011",106.921416571096,15.5962279856718
"F2_0001.0012",102.440922473744,16.7260733749563
"F2_0001.0013",99.7954014965649,16.4889877592576
"F2_0001.0014",105.344153535225,15.9422322746989
"F2_0001.0015",103.5939304938,16.1001471525494
"F2_0001.0016",98.7394103092303,16.111413245636
"F2_0001.0017",103.395093046316,16.7302980435664
"F2_0001.0018",90.9368263946888,16.5616700388757
"F2_0001.0019",95.1168473329743,16.5339590280187
"F2_0001.0020",98.188999153697,15.5967768224908
"F2_0001.0021",89.8704430278007,15.7421584059779
"F2_0001.0022",100.748549894306,16.1424143392584
"F2_0001.0023",101.091405446932,17.168727886601
"F2_0001.0024",94.3091298939578,16.8766155839391
"F2_0001.0025",97.5849196878746,16.0238412159753
"F2_0001.0026",109.088839588968,16.5079337171354
"F2_0001.0027",102.508121458431,16.0741935495791
"F2_0001.0028",109.065430487596,16.1622804551479
"F2_0001.0029",109.064733349695,16.5508275407642
"F2_0001.0030",99.4718322358413,16.3790650565626
"F2_0001.0031",108.114735562392,15.9357100804082
"F2_0001.0032",102.952031519487,17.0800371401031
"F2_0001.0033",102.236909107071,15.6674262239899
"F2_0001.0034",96.2788413057292,16.249194513243
"F2_0001.0035",98.6898806579237,16.692696779779
"F2_0001.0036",104.068571939574,15.2303079309793
"F2_0001.0037",104.775228679584,16.7435710253914
"F2_0001.0038",109.385730963808,15.918512901712
"F2_0001.0039",102.788052247551,16.4644110553155
"F2_0001.0040",108.060292872006,16.0235681202412
"F2_0001.0041",108.422623178905,16.7945690031087
"F2_0001.0042",102.410664422814,15.9959538457139
"F2_0001.0043",104.909997222389,16.4459588519064
"F2_0001.0044",112.321232754357,17.0662259091211
"F2_0001.0045",89.6208452328459,17.3963510769675
"F2_0001.0046",97.0137982212744,16.7795802678446
"F2_0001.0047",100.344615333942,15.6573822651414
"F2_0001.0048",102.070991459086,16.413944178523
"F2_0001.0049",97.1428664805481,16.4242593575381
"F2_0001.0050",99.9497870563271,16.6601508840428
"F2_0001.0051",95.3991646939108,16.2153875707423
"F2_0001.0052",97.4151296230006,15.717005834828
"F2_0001.0053",91.3206088293591,17.0190579649439
"F2_0001.0054",96.3903483390143,15.5806796945051
"F2_0001.0055",99.5854417320197,16.0037650738047
"F2_0001.0056",94.085340764652,16.0742129959194
"F2_0001.0057",101.550806668521,16.1470497394919
"F2_0001.0058",92.9772612772381,16.0888269772202
"F2_0001.0059",101.446795277043,16.2341935464349
"F2_0001.0060",97.0091795968599,16.6800251876109
"F2_0001.0061",110.064892072772,15.769306946656
"F2_0001.0062",101.619381351091,16.341426812146
"F2_0001.0063",98.9742613309277,16.5494674964258
"F2_0001.0064",98.0839139363603,16.8708439279164
"F2_0001.0065",98.7055586594723,16.130992554786
"F2_0001.0066",102.006965652024,16.9709540242083
"F2_0001.0067",99.6070803576463,15.9575586648432
"F2_0001.0068",97.6027070774377,15.907420686571
"F2_0001.0069",98.0370127017084,16.6450381370281
"F2_0001.0070",111.229408908736,15.9809354783912
"F2_0001.0071",85.8609651022905,16.28797270052
"F2_0001.0072",97.3695248772286,16.2754489167896
"F2_0001.0073",107.003689651199,15.8045019204861
"F2_0001.0074",93.1790148586901,16.8473074351288
"F2_0001.0075",93.8957720560198,16.2870113052589
"F2_0001.0076",108.123761445692,16.3834821875501
"F2_0001.0077",101.801788899662,15.9019922220848
"F2_0001.0078",92.743138001709,16.6536055652459
"F2_0001.0079",99.6130757290851,15.7646095210109
"F2_0001.0080",108.61614985148,15.9556240630201
"F2_0001.0081",100.406969074272,16.7049051717995
"F2_0001.0082",97.9380017862658,16.8641271891759
"F2_0001.0083",102.502843854198,15.1921554914659
"F2_0001.0084",98.3484304761491,16.9421505542127
"F2_0001.0085",101.640166147762,16.2364804562091
"F2_0001.0086",98.4786679689636,16.6016643744553
"F2_0001.0087",104.958430491897,16.9705497612114
"F2_0001.0088",104.102491754723,15.1791316372313
"F2_0001.0089",106.418359677323,15.3909152928536
"F2_0001.0090",110.817829327621,15.6974275176776
"F2_0001.0091",105.884029577288,16.1278079900874
"F2_0001.0092",97.0342783654166,15.2489397293346
"F2_0001.0093",98.2877313138678,16.0810237669648
"F2_0001.0094",99.3885704450105,15.6239519874946
"F2_0001.0095",107.179314504593,16.188183744681
"F2_0001.0096",100.036204737284,15.8132845897226
"F2_0001.0097",104.343367265343,15.5648827478413
"F2_0001.0098",104.64805103261,16.7542404377701
"F2_0001.0099",101.90741026668,16.2973371433803
"F2_0001.0100",95.4626198284769,16.8828298128977
"F2_0002.0001",112.246634506755,14.3156935504961
"F2_0002.0002",95.7946264397391,16.886337444682
"F2_0002.0003",111.610066470917,15.2657210691928
"F2_0002.0004",108.490720883995,14.6048004695368
"F2_0002.0005",104.720947733802,16.1080128353907
"F2_0002.0006",112.120288018772,14.1410323290329
"F2_0002.0007",109.664239774516,15.9243393158991
"F2_0002.0008",105.163155911071,15.5718555534184
"F2_0002.0009",98.3183699665054,16.1308505703307
"F2_0002.0010",107.94875154233,14.9057784620347
"F2_0002.0011",106.580277942243,15.3880381207516
"F2_0002.0012",109.91418566869,14.5296726872327
"F2_0002.0013",102.306728883934,15.3222709460309
"F2_0002.0014",108.941092145671,15.1847101429378
"F2_0002.0015",99.1673914339395,15.8920643301817
"F2_0002.0016",105.230315791009,15.4098786233625
"F2_0002.0017",105.470977408778,15.045993380463
"F2_0002.0018",103.619376656213,14.9188927504674
"F2_0002.0019",106.087763250331,14.9183896093826
"F2_0002.0020",101.972752323149,15.2837765205911
"F2_0002.0021",116.526523140168,15.1995863711597
"F2_0002.0022",106.940575626294,14.6810553645449
"F2_0002.0023",102.130859359189,16.1833182778763
"F2_0002.0024",99.2874681782105,15.6422962895598
"F2_0002.0025",109.916542020089,15.3543886072398
"F2_0002.0026",121.591751431718,14.3816520498559
"F2_0002.0027",110.457010088092,14.2217676052597
"F2_0002.0028",113.371084795445,15.1182439648452
"F2_0002.0029",100.532303128623,16.1327309163379
"F2_0002.0030",115.800335386754,14.0504940185981
"F2_0002.0031",103.674618074242,15.5416934615353
"F2_0002.0032",114.620956243966,15.6040586171889
"F2_0002.0033",104.459724449958,16.0692730048131
"F2_0002.0034",104.442204967304,15.4345812429085
"F2_0002.0035",104.409303167332,14.797591495383
"F2_0002.0036",114.532562465697,14.3450971395022
"F2_0002.0037",99.7953212486027,15.1522288773106
"F2_0002.0038",108.762579569361,16.3177410542422
"F2_0002.0039",109.635017214141,15.1858536202457
"F2_0002.0040",114.332429138938,15.0894178822092
"F2_0002.0041",106.163355522657,15.4235590931091
"F2_0002.0042",101.462301418068,15.025678992021
"F2_0002.0043",106.257841560055,13.972202180996
"F2_0002.0044",109.079034553908,15.5001783957825
"F2_0002.0045",98.52938390841,16.0265788859552
"F2_0002.0046",106.46749454993,16.1338979013226
"F2_0002.0047",98.5469102256444,15.9632915326211
"F2_0002.0048",110.345852717985,14.6740793945616
"F2_0002.0049",100.988059277712,15.8191539137808
"F2_0002.0050",103.77221118826,15.7946109045224
"F2_0002.0051",100.5242061654,16.139459239912
"F2_0002.0052",111.035840196339,15.6120785984743
"F2_0002.0053",104.196116696985,15.4120807983475
"F2_0002.0054",99.2397315282006,15.0046955661132
"F2_0002.0055",102.550013943736,16.0533735685713
"F2_0002.0056",115.596562977052,14.127200623532
"F2_0002.0057",109.45311154098,14.8729951322341
"F2_0002.0058",105.266966452115,16.1693656964205
"F2_0002.0059",100.163243040207,15.7984552973564
"F2_0002.0060",113.420329274848,15.2734313069907
"F2_0002.0061",101.118286772869,15.184427952712
"F2_0002.0062",106.254323167765,15.7097151097185
"F2_0002.0063",104.464502855356,16.3256960475269
"F2_0002.0064",112.220892751596,16.2991641043914
"F2_0002.0065",102.727012836323,15.3497344219192
"F2_0002.0066",115.088893596358,14.6106362140905
"F2_0002.0067",111.416197529993,15.312532642209
"F2_0002.0068",110.570301436643,15.1948470024027
"F2_0002.0069",96.9882633789597,15.5947322112701
"F2_0002.0070",115.821501874586,15.7649634626628
"F2_0002.0071",107.576730374145,13.6634803467513
"F2_0002.0072",113.403584505595,14.772967066138
"F2_0002.0073",100.814102360699,15.2462041700774
"F2_0002.0074",106.961813139195,14.9088691750272
"F2_0002.0075",106.320420471471,14.8046218898763
"F2_0002.0076",103.940551781178,15.8296005083256
"F2_0002.0077",101.66594238513,16.2605099499418
"F2_0002.0078",108.035203998936,15.3170795859797
"F2_0002.0079",103.808385383608,14.6427412103974
"F2_0002.0080",117.348076425437,15.6804289418209
"F2_0002.0081",115.108179502104,14.3508776547694
"F2_0002.0082",106.436207718332,15.7846482166315
"F2_0002.0083",102.532239263042,15.3305254653164
"F2_0002.0084",110.084897799298,15.3103697465556
"F2_0002.0085",109.594304894723,15.3587252821049
"F2_0002.0086",106.018778341711,15.3881378654294
"F2_0002.0087",99.5682602192642,16.0147952022067
"F2_0002.0088",111.694928760176,15.4282089864257
"F2_0002.0089",95.0502978379679,15.4275969822318
"F2_0002.0090",103.887758079547,15.7732177159983
"F2_0002.0091",103.998488457164,14.7889389028843
"F2_0002.0092",99.1478271471511,16.0200245928658
"F2_0002.0093",108.409922653147,15.3938246712859
"F2_0002.0094",113.186264308849,15.2954980865474
"F2_0002.0095",111.032329438811,15.2039241372025
"F2_0002.0096",105.642909923675,15.1174361738795
"F2_0002.0097",98.4367724806785,16.5046723943567
"F2_0002.0098",107.403085562913,15.4525290972455
"F2_0002.0099",109.683215312867,14.6186041074866
"F2_0002.0100",112.579790624751,14.968878549942
"F2_0003.0001",101.830869929392,16.1224447047292
"F2_0003.0002",82.2562226093826,17.5415259725067
"F2_0003.0003",94.4278104545762,16.4096910364485
"F2_0003.0004",90.3035860836364,16.6174948147056
"F2_0003.0005",101.615155677191,15.0751457546451
"F2_0003.0006",89.8045822800667,16.7217737486786
"F2_0003.0007",85.0214900742144,16.6560574241281
"F2_0003.0008",97.8677685418934,15.8282168840579
"F2_0003.0009",95.8457156631078,17.6197560290264
"F2_0003.0010",90.9615537286618,16.1365362479451
"F2_0003.0011",86.1530522494625,16.8984119487778
"F2_0003.0012",87.4022401298327,16.4588356439928
"F2_0003.0013",94.4156552025893,15.6733275015769
"F2_0003.0014",89.6354927011412,16.6857232636848
"F2_0003.0015",98.0059585846866,15.2847655233351
"F2_0003.0016",102.11176672495,16.3325481344842
"F2_0003.0017",93.413174621334,16.5528817616017
"F2_0003.0018",91.2221294875191,16.0636832878313
"F2_0003.0019",90.6460143083093,15.9375145086335
"F2_0003.0020",85.9408557214442,16.5218826698583
"F2_0003.0021",89.5562007583106,16.6613059010631
"F2_0003.0022",91.7565175011556,16.2099639905917
"F2_0003.0023",96.2778642113767,15.8064259735797
"F2_0003.0024",96.9155273806573,15.748446957137
"F2_0003.0025",87.9233867642156,17.5784415222642
"F2_0003.0026",93.7601252576627,15.8131128179051
"F2_0003.0027",100.96738612775,14.8364979272759
"F2_0003.0028",90.9713528064099,16.9473271656489
"F2_0003.0029",97.896898601725,15.9844125850309
"F2_0003.0030",91.152386507978,16.4564650361109
"F2_0003.0031",88.4091136868099,16.3458582368508
"F2_0003.0032",91.6221000420147,16.1447610833715
"F2_0003.0033",95.3199048047779,15.2600036740505
"F2_0003.0034",96.4791279042129,16.1392381410928
"F2_0003.0035",101.109193083988,15.4787749993751
"F2_0003.0036",88.8730419491583,17.0746279770979
"F2_0003.0037",84.7973848360314,16.7839537238445
"F2_0003.0038",92.6638556866667,16.1234015376356
"F2_0003.0039",94.8015812336532,16.4641506743499
"F2_0003.0040",80.4467229520311,16.6548362474127
"F2_0003.0041",92.2742398280219,16.4005983128036
"F2_0003.0042",85.3530050795178,17.1349531167252
"F2_0003.0043",87.744812507582,17.0132301575622
"F2_0003.0044",95.1443982875365,15.9867808180533
"F2_0003.0045",104.781829209392,15.2394349422557
"F2_0003.0046",96.5970282316561,16.1489732517074
"F2_0003.0047",98.9504353433985,16.268835293742
"F2_0003.0048",105.623132283081,15.0244931430334
"F2_0003.0049",91.1482460839574,17.1647814915475
"F2_0003.0050",92.7350914004273,16.5955394939378
"F2_0003.0051",90.7355212293361,16.8042610500307
"F2_0003.0052",99.6972720467893,16.2368953784802
"F2_0003.0053",92.6252932441737,15.8108997267477
"F2_0003.0054",98.6045430637914,15.4839775230996
"F2_0003.0055",97.2846579958106,15.7425504842648
"F2_0003.0056",82.8490344591462,17.1647294997167
"F2_0003.0057",91.5917421319505,16.411559915471
"F2_0003.0058",98.2083901754541,16.4183678984318
"F2_0003.0059",92.7110055574126,17.0576397789823
"F2_0003.0060",94.2926885993354,15.4546084772443
"F2_0003.0061",92.5720489305194,15.6598867371938
"F2_0003.0062",90.5914776553547,16.122317565684
"F2_0003.0063",86.5704640014498,17.0754723507159
"F2_0003.0064",96.9455569982671,16.4997615275071
"F2_0003.0065",95.7828276785198,17.0047618632611
"F2_0003.0066",87.1998696273131,15.6378630236917
"F2_0003.0067",108.988679781536,15.39318301244
"F2_0003.0068",95.6654178102975,16.210613733076
"F2_0003.0069",93.0092340794666,16.4797237102429
"F2_0003.0070",104.116693542523,16.3229279007551
"F2_0003.0071",97.2853603709799,15.7308367613315
"F2_0003.0072",94.7375722148294,15.9416130439242
"F2_0003.0073",91.5930123534222,16.565917028727
"F2_0003.0074",96.4389916222036,16.3365912040098
"F2_0003.0075",104.131120493603,15.5780169215576
"F2_0003.0076",93.9648269552628,16.7982672086577
"F2_0003.0077",98.6702315391256,15.671222824528
"F2_0003.0078",79.9093982254505,17.2197495925971
"F2_0003.0079",101.762502976796,16.0575725434789
"F2_0003.0080",89.7545404313893,16.8885187889373
"F2_0003.0081",88.9302838106931,16.412347140105
"F2_0003.0082",95.7650419978319,16.0787935337275
"F2_0003.0083",99.5104855354855,16.1630808592344
"F2_0003.0084",96.0789933830914,15.6007343559469
"F2_0003.0085",110.667660074109,15.4801053419218
"F2_0003.0086",89.4514097545053,16.6968622482732
"F2_0003.0087",87.5771558596227,16.2468898159729
"F2_0003.0088",100.261528379471,15.9070775222941
"F2_0003.0089",92.9580112598101,15.9985822777723
"F2_0003.0090",97.6407230208701,16.6582713425329
"F2_0003.0091",86.1243588440025,16.6115320316779
"F2_0003.0092",84.1377079782314,17.2481821608225
"F2_0003.0093",106.252964910802,15.0791563926816
"F2_0003.0094",88.5778170262417,16.30590727095
"F2_0003.0095",90.697167279896,16.4986574383401
"F2_0003.0096",93.2009603828607,16.6052198847549
"F2_0003.0097",94.4663470279469,15.7331210553902
"F2_0003.0098",85.308731191538,17.0857602699378
"F2_0003.0099",94.9193086745219,16.2518127053993
"F2_0003.0100",89.6540936488114,16.3418268044775
"F3_0001.0001",104.962464109729,17.0430270940344
"F3_0001.0002",105.476727176607,16.9770495081939
"F3_0001.0003",97.16912014118,16.6474826192271
"F3_0001.0004",102.537810980243,16.8327753076879
"F3_0001.0005",104.840559494147,16.8868400007464
"F3_0001.0006",99.4478607633127,16.7070463420524
"F3_0001.0007",107.67512975564,16.6902335221227
"F3_0001.0008",95.2378180381881,16.6471465287645
"F3_0001.0009",101.194134588979,16.7608683459902
"F3_0001.0010",104.689949888834,16.882196744359
"F3_0001.0011",104.118178106802,16.7691050247461
"F3_0001.0012",100.619113973862,16.4860060300919
"F3_0001.0013",103.685359525768,16.8012790424903
"F3_0001.0014",99.9801528590143,16.8973683289069
"F3_0001.0015",102.935540002513,16.7770436219416
"F3_0001.0016",102.693923459007,17.1312623078936
"F3_0001.0017",99.8787439997912,17.2844990344561
"F3_0001.0018",94.6270347334019,17.0767692284341
"F3_0001.0019",98.4588483440871,17.0381968837047
"F3_0001.0020",103.338116926496,16.7164348890551
"F3_0001.0021",98.6462716967074,16.8964520444084
"F3_0001.0022",102.903327346978,16.9437242680916
"F3_0001.0023",103.270418380257,17.0911090399153
"F3_0001.0024",92.9248657810327,17.0661951573234
"F3_0001.0025",107.699953043117,16.890533363308
"F3_0001.0026",104.643185539743,16.8673060804247
"F3_0001.0027",100.631026693357,16.6506019212954
"F3_0001.0028",102.859033536045,16.4821840065952
"F3_0001.0029",100.19280909813,16.9088330441563
"F3_0001.0030",97.0065287936447,17.0824978720164
"F3_0001.0031",100.008615806574,16.6821865843643
"F3_0001.0032",103.037754479917,16.6755301744387
"F3_0001.0033",100.404691485491,17.121096917774
"F3_0001.0034",101.601133660403,17.1346510381618
"F3_0001.0035",99.5006180884837,16.9424090978687
"F3_0001.0036",102.951894575346,16.4780736854015
"F3_0001.0037",98.2181643820799,16.8917364087788
"F3_0001.0038",102.594773636899,17.0971127806766
"F3_0001.0039",97.3101216058213,16.5448403671982
"F3_0001.0040",101.256682577986,17.0300707440512
"F3_0001.0041",95.9737680289343,17.2771119971665
"F3_0001.0042",105.952236177795,16.845779665569
"F3_0001.0043",98.2180101543664,16.933404730167
"F3_0001.0044",101.570697779028,17.416199583165
"F3_0001.0045",105.280107088391,17.2452177353484
"F3_0001.0046",96.9087988659268,17.170491857453
"F3_0001.0047",104.260977220645,17.0305812731818
"F3_0001.0048",97.4897664365597,16.6258082153437
"F3_0001.0049",102.549879485353,16.7613810748391
"F3_0001.0050",96.6476927686631,16.94144022674
"F3_0001.0051",95.3475982895604,17.2285504669903
"F3_0001.0052",96.8165933067834,16.794221448251
"F3_0001.0053",100.745213134962,16.9478600534782
"F3_0001.0054",98.1432637439283,16.6339509380348
"F3_0001.0055",97.9826074656676,16.9864251303419
"F3_0001.0056",99.356059781394,16.9920566933222
"F3_0001.0057",102.742805614156,16.8542292838181
"F3_0001.0058",105.364991247542,16.7579172369003
"F3_0001.0059",103.47396715767,16.8747615828505
"F3_0001.0060",97.3118294021735,17.0478878003123
"F3_0001.0061",98.5883025101065,16.7763058576799
"F3_0001.0062",96.7365462476341,17.0389642627741
"F3_0001.0063",102.428481828392,16.9428594699973
"F3_0001.0064",98.0639021763203,16.9820982948917
"F3_0001.0065",100.984222796128,16.6183022042963
"F3_0001.0066",107.651612923566,17.0551511360103
"F3_0001.0067",101.417277455393,17.1861320453864
"F3_0001.0068",101.377848300774,17.0504065264193
"F3_0001.0069",100.654811456114,16.7738920815009
"F3_0001.0070",99.0161217235606,16.9030594849266
"F3_0001.0071",105.329215340452,17.0406810567108
"F3_0001.0072",97.1810934667467,16.9751563151899
"F3_0001.0073",101.392232786103,16.8859094228966
"F3_0001.0074",99.986634196407,16.7265581309328
"F3_0001.0075",95.2981179286167,16.6816742390453
"F3_0001.0076",105.354048918646,16.9745599375747
"F3_0001.0077",99.2033277384787,16.7665754424926
"F3_0001.0078",101.314604046887,16.3716755510325
"F3_0001.0079",101.125869212263,17.3187280618706
"F3_0001.0080",103.338901328768,16.9433532616825
"F3_0001.0081",101.747647124233,16.9336851338918
"F3_0001.0082",99.5126122287364,16.735268663413
"F3_0001.0083",93.0842691356911,17.1228598674073
"F3_0001.0084",104.950192708496,17.1390728004002
"F3_0001.0085",94.629614797938,17.0166516530115
"F3_0001.0086",106.571671059503,16.9022597060463
"F3_0001.0087",107.577414945125,16.6897879836373
"F3_0001.0088",103.302262486814,16.9799358670392
"F3_0001.0089",104.222238240376,16.7361726379208
"F3_0001.0090",100.416667750866,16.6165620082574
"F3_0001.0091",107.182821327026,16.7612324805852
"F3_0001.0092",102.601879896959,16.8253231320522
"F3_0001.0093",101.106178286083,17.1814491229385
"F3_0001.0094",101.709589725918,17.1570073965764
"F3_0001.0095",100.405320904631,16.5047435553102
"F3_0001.0096",98.7833510890293,16.7924907769919
"F3_0001.0097",103.890117450883,17.0186456135075
"F3_0001.0098",98.3725089567817,16.5713137007712
"F3_0001.0099",102.340648215079,16.8078371444758
"F3_0001.0100",94.248526193704,16.6491330078903
"F3_0002.0001",102.815416780366,16.1645234649099
"F3_0002.0002",99.2391406543197,16.5192905019597
"F3_0002.0003",96.1310441500237,16.3167710166267
"F3_0002.0004",97.3681242230281,16.4226845872853
"F3_0002.0005",96.6136354763523,16.1810083515088
"F3_0002.0006",100.140820709167,15.4649860100341
"F3_0002.0007",95.2809697447192,16.3633665052328
"F3_0002.0008",98.5911153607203,16.4916081378318
"F3_0002.0009",102.423583224101,15.795565405207
"F3_0002.0010",97.6592472814901,15.924969070569
"F3_0002.0011",96.2429945829741,16.1121471659111
"F3_0002.0012",107.202145069549,16.111185376828
"F3_0002.0013",101.868523385361,16.6904866834697
"F3_0002.0014",100.815344863973,16.0426349659395
"F3_0002.0015",93.8307428265124,16.2181979483598
"F3_0002.0016",102.211061200621,15.959880944599
"F3_0002.0017",101.497040281534,15.8654853562513
"F3_0002.0018",95.4903782834686,16.3072889798198
"F3_0002.0019",104.049443213956,16.3715084602025
"F3_0002.0020",103.430455560479,16.3862560947725
"F3_0002.0021",102.897822354479,15.7772451798272
"F3_0002.0022",103.433880862863,15.8162329622988
"F3_0002.0023",106.046519367796,16.2457253787845
"F3_0002.0024",101.52020469836,16.1246128488233
"F3_0002.0025",99.7515316634147,16.1103774402355
"F3_0002.0026",108.307454834296,15.8769804540366
"F3_0002.0027",97.1460986548058,16.233171592808
"F3_0002.0028",106.683826739255,15.9604170549882
"F3_0002.0029",101.000343817,16.558249795164
"F3_0002.0030",101.418045902967,16.3200957936151
"F3_0002.0031",102.240702620553,16.2014190494221
"F3_0002.0032",105.107639760917,16.111317841957
"F3_0002.0033",104.22187061135,15.7876839722082
"F3_0002.0034",100.620419538318,16.3806602854228
"F3_0002.0035",96.6297573885471,16.1276248390664
"F3_0002.0036",106.003401041189,16.3034828601772
"F3_0002.0037",107.550797725744,16.468292221273
"F3_0002.0038",107.693765441173,16.2786728446647
"F3_0002.0039",99.219908977453,16.2751383899216
"F3_0002.0040",99.172150915045,15.8879880307947
"F3_0002.0041",102.905429655456,16.0175473227516
"F3_0002.0042",99.3110201189629,16.3159632417022
"F3_0002.0043",99.54127603239,16.0977069193146
"F3_0002.0044",106.294441412188,16.3379467782833
"F3_0002.0045",101.8823149675,16.225570407898
"F3_0002.0046",106.58104194833,15.9533757051844
"F3_0002.0047",97.9243421627764,16.3591681639035
"F3_0002.0048",97.709473532991,16.6004274750846
"F3_0002.0049",104.263221386742,15.8446326666334
"F3_0002.0050",105.1590264072,15.9993276052847
"F3_0002.0051",95.9667930580631,16.0357463385325
"F3_0002.0052",99.9382952830923,15.707262298237
"F3_0002.0053",98.42696014101,16.3396702818732
"F3_0002.0054",104.933072344451,15.7660855429525
"F3_0002.0055",101.453411274512,16.1772569127731
"F3_0002.0056",102.53516492537,16.3975220574844
"F3_0002.0057",108.484731569715,15.926811618755
"F3_0002.0058",102.86637045229,16.2170754465448
"F3_0002.0059",107.808132090318,16.0786179586857
"F3_0002.0060",101.602328757322,16.0688078815969
"F3_0002.0061",103.520051943379,16.5191099887836
"F3_0002.0062",97.6243703348511,16.108288820198
"F3_0002.0063",106.51788663448,16.1463799099871
"F3_0002.0064",106.789477154575,16.1900110957611
"F3_0002.0065",108.305666715329,16.1996939631086
"F3_0002.0066",102.48477025623,16.2641840445494
"F3_0002.0067",99.6663256389948,15.9373448959095
"F3_0002.0068",100.031789083338,16.5374192996444
"F3_0002.0069",97.4615267034779,16.6979149006228
"F3_0002.0070",101.798715724359,16.2683800973556
"F3_0002.0071",108.610577525575,16.1526618877442
"F3_0002.0072",94.3871331724878,16.3404866030388
"F3_0002.0073",102.256370531991,15.8520493057128
"F3_0002.0074",104.794629618415,15.8304462618555
"F3_0002.0075",101.505613843159,16.2095863062204
"F3_0002.0076",99.5890122859805,16.3808766740985
"F3_0002.0077",110.239844870309,16.1042476033223
"F3_0002.0078",101.040793939651,16.4401979219109
"F3_0002.0079",103.264347457671,15.8173895480485
"F3_0002.0080",104.297732075322,16.4519910227201
"F3_0002.0081",102.002677607582,16.2541399993928
"F3_0002.0082",102.933916674657,16.5503347786925
"F3_0002.0083",102.193358261665,16.4813250581838
"F3_0002.0084",105.129959182961,16.007978026602
"F3_0002.0085",110.278377980918,16.3960702513666
"F3_0002.0086",106.646820396225,16.2393504098343
"F3_0002.0087",110.450595529789,15.8078020184577
"F3_0002.0088",102.564556047235,15.9077628549969
"F3_0002.0089",97.6718945301097,16.2176310428184
"F3_0002.0090",106.155706892441,16.2563270522787
"F3_0002.0091",98.5818030754346,16.8074794292918
"F3_0002.0092",101.340650828238,15.7883122495532
"F3_0002.0093",106.859961207074,16.3856253387674
"F3_0002.0094",100.533526170331,15.8378793481283
"F3_0002.0095",103.297855097111,16.0131617954984
"F3_0002.0096",103.985203414363,16.1875863138397
"F3_0002.0097",98.7036494688953,16.0882854351288
"F3_0002.0098",97.695551193724,16.1776770856688
"F3_0002.0099",100.701548839273,16.3115848187833
"F3_0002.0100",95.1216832089255,16.5691778209228
"F3_0003.0001",103.204479021065,16.5844088687606
"F3_0003.0002",99.5216206215136,16.5826941303663
"F3_0003.0003",104.965552164391,16.0004358375521
"F3_0003.0004",109.227576749104,16.2731786322149
"F3_0003.0005",103.575780421138,16.4038262195995
"F3_0003.0006",102.638582830454,15.9296299860423
"F3_0003.0007",104.3199077691,16.0070880077427
"F3_0003.0008",104.425844405199,16.4680836115562
"F3_0003.0009",114.17835699294,16.1464680299659
"F3_0003.0010",105.922754381935,15.839137039781
"F3_0003.0011",106.521834710954,16.0779892080259
"F3_0003.0012",100.05672482426,15.8182295028185
"F3_0003.0013",107.273816038387,16.169158780735
"F3_0003.0014",109.198693288933,16.3465286406557
"F3_0003.0015",110.213569731582,16.0282517627647
"F3_0003.0016",107.791083098628,16.6907987650931
"F3_0003.0017",113.745814812707,16.5871542070457
"F3_0003.0018",106.207262360854,16.6249927641545
"F3_0003.0019",110.738402537619,16.552317821602
"F3_0003.0020",100.586263187542,16.3293224871872
"F3_0003.0021",106.985096735594,16.2429444383259
"F3_0003.0022",100.701445240156,16.4446391024948
"F3_0003.0023",105.079375763729,16.2254737475008
"F3_0003.0024",100.864883462584,16.5193575651645
"F3_0003.0025",109.208148602703,16.1938428146032
"F3_0003.0026",106.153369327167,16.2096629141789
"F3_0003.0027",104.874384898986,16.8485054831466
"F3_0003.0028",107.64793362746,16.6742173027577
"F3_0003.0029",98.6007458786933,16.3266527652837
"F3_0003.0030",104.8771034474,16.5464924429073
"F3_0003.0031",110.718801850008,16.4028112012338
"F3_0003.0032",107.054243970926,16.4837278086477
"F3_0003.0033",107.798832566903,15.9495010713642
"F3_0003.0034",108.561262833618,16.3576117787009
"F3_0003.0035",110.439822999272,15.9099296021871
"F3_0003.0036",106.862071221375,16.0953647713598
"F3_0003.0037",105.682917927166,16.322167727526
"F3_0003.0038",106.78758821548,16.4628033169794
"F3_0003.0039",106.668084806919,16.0481985737016
"F3_0003.0040",112.522554375115,16.4547963926041
"F3_0003.0041",102.948795072765,16.4894378197123
"F3_0003.0042",105.400412639392,16.5953598056261
"F3_0003.0043",108.32727238998,16.6169374363637
"F3_0003.0044",103.322062858726,16.146733508869
"F3_0003.0045",113.770218396621,16.2567268346828
"F3_0003.0046",107.414197951,16.1130165391797
"F3_0003.0047",107.230112225088,16.8141948849736
"F3_0003.0048",106.093630589976,16.3993400099576
"F3_0003.0049",108.279379626303,16.1460349617467
"F3_0003.0050",108.476203746146,16.418171235046
"F3_0003.0051",111.428892987533,16.4541139011448
"F3_0003.0052",98.9198501165294,16.6940168459456
"F3_0003.0053",106.427231730115,16.1847838629486
"F3_0003.0054",109.315200827662,16.18745955111
"F3_0003.0055",104.892394490531,16.1960460050835
"F3_0003.0056",105.137672450065,16.1887724116422
"F3_0003.0057",108.379706528955,16.4056939703569
"F3_0003.0058",102.544009625658,16.2933628618658
"F3_0003.0059",106.709942951468,16.47946517592
"F3_0003.0060",110.82277161077,16.0317643965585
"F3_0003.0061",106.096530429143,16.3268663055458
"F3_0003.0062",103.919714984774,16.3768787124555
"F3_0003.0063",100.510125404737,16.0382844081951
"F3_0003.0064",110.330635705335,16.2473828970983
"F3_0003.0065",110.213040553869,16.1833280586163
"F3_0003.0066",103.702641590575,16.254147337658
"F3_0003.0067",108.391639883612,16.2929213303172
"F3_0003.0068",110.617453632504,16.1513385549726
"F3_0003.0069",110.610322889066,16.2893790582042
"F3_0003.0070",112.358650249385,16.3519463728649
"F3_0003.0071",103.627928598731,16.6765106100945
"F3_0003.0072",109.320626605597,16.3035686246928
"F3_0003.0073",98.8795987410747,16.4335846289432
"F3_0003.0074",112.584697325126,16.1268943829458
"F3_0003.0075",104.735347317145,16.4926010574571
"F3_0003.0076",109.328337011761,16.4788893995848
"F3_0003.0077",106.590817881487,16.3362912494022
"F3_0003.0078",108.484793457945,16.3701683186826
"F3_0003.0079",104.75973962811,16.1854120476597
"F3_0003.0080",106.367892390504,16.5007808474396
"F3_0003.0081",103.03222788434,16.6003959247135
"F3_0003.0082",105.769731453044,15.9686961340174
"F3_0003.0083",107.604362198869,16.0022183029818
"F3_0003.0084",106.177459775094,16.2561179946863
"F3_0003.0085",114.295155182885,16.0572453994106
"F3_0003.0086",105.818796297961,16.0608275940678
"F3_0003.0087",109.101419089589,16.0278185442318
"F3_0003.0088",109.983697118367,16.2159929736985
"F3_0003.0089",103.673157144208,16.4591079878717
"F3_0003.0090",110.647458210052,16.4735961212718
"F3_0003.0091",107.395817146127,16.1692021465492
"F3_0003.0092",105.057264850364,16.61108811692
"F3_0003.0093",101.053135362058,16.7146251913877
"F3_0003.0094",100.601928812832,15.6895119115629
"F3_0003.0095",110.751714617565,16.4406358229279
"F3_0003.0096",107.858538560599,16.2993551888967
"F3_0003.0097",108.924070621008,16.2905151396222
"F3_0003.0098",110.144413579774,16.3016418916962
"F3_0003.0099",104.39012976264,16.2362200106297
"F3_0003.0100",107.954132385751,15.9428745997128
"F4_0001.0001",101.237068204098,16.6184208011125
"F4_0001.0002",112.498080065574,16.7981168732859
"F4_0001.0003",119.865200144534,16.7297197760567
"F4_0001.0004",109.99789695885,16.6249800164529
"F4_0001.0005",103.48518960906,16.7543909388009
"F4_0001.0006",105.959507893257,16.6409261916856
"F4_0001.0007",109.875262841191,16.8674171102787
"F4_0001.0008",107.846455115736,16.4965742498089
"F4_0001.0009",105.183100575835,16.8697155042695
"F4_0001.0010",109.853047858717,16.7007067063101
"F4_0001.0011",105.368910318985,17.0556291929806
"F4_0001.0012",111.439945834266,16.5205971181451
"F4_0001.0013",107.394038247004,16.3684620273866
"F4_0001.0014",112.551969601561,16.6636824827241
"F4_0001.0015",106.986250393395,16.6431221891638
"F4_0001.0016",102.551294936634,16.9597564971216
"F4_0001.0017",118.295103280345,15.9307818978495
"F4_0001.0018",107.632552757249,16.6734909694565
"F4_0001.0019",111.419468739775,16.5365370171136
"F4_0001.0020",114.520519938174,16.4933738278498
"F4_0001.0021",104.728508296693,16.845379068074
"F4_0001.0022",109.478431394801,16.6868110140085
"F4_0001.0023",108.77934183675,16.9681860675586
"F4_0001.0024",103.975339138165,16.8843211561918
"F4_0001.0025",106.061505788379,16.9942674254436
"F4_0001.0026",104.462186781586,16.7974321963203
"F4_0001.0027",120.070542505946,16.5602642516023
"F4_0001.0028",106.545241330013,16.4632948081087
"F4_0001.0029",106.81251527308,16.741764597869
"F4_0001.0030",104.757646805781,17.0137077337493
"F4_0001.0031",108.832134635631,16.686532100504
"F4_0001.0032",107.720208269393,16.5480914156664
"F4_0001.0033",109.605390465414,16.1460850247812
"F4_0001.0034",107.350957074322,16.6897490884885
"F4_0001.0035",104.714345060954,16.6717292642744
"F4_0001.0036",109.370701090252,16.5956559034952
"F4_0001.0037",115.412623365689,16.1917091034111
"F4_0001.0038",113.625198821721,16.1833294149305
"F4_0001.0039",111.052970264825,16.6843954787336
"F4_0001.0040",109.563541733211,16.696700457757
"F4_0001.0041",105.443944898165,16.3282346845595
"F4_0001.0042",110.786421170778,16.3309203739223
"F4_0001.0043",104.877798932807,16.566237028679
"F4_0001.0044",113.24898279615,16.4195124592943
"F4_0001.0045",116.95302860492,16.3931912582842
"F4_0001.0046",112.669643114671,15.9865621445124
"F4_0001.0047",103.588916118811,16.6900270633744
"F4_0001.0048",112.161368843591,16.1891949251531
"F4_0001.0049",109.166503693539,16.6170106795507
"F4_0001.0050",103.77052121796,16.5425302461917
"F4_0001.0051",115.036680547006,16.697076717039
"F4_0001.0052",107.568600398427,16.35919432432
"F4_0001.0053",112.30357033544,16.4149463866258
"F4_0001.0054",110.417617371635,16.3660040930584
"F4_0001.0055",116.012798463628,16.342359747821
"F4_0001.0056",110.274593308457,16.2937981975441
"F4_0001.0057",110.248994034827,16.1913985780323
"F4_0001.0058",104.771516822767,17.0601111741024
"F4_0001.0059",110.519798170033,17.1573262575838
"F4_0001.0060",110.42151868747,16.431717433423
"F4_0001.0061",108.11062268584,17.0000019722837
"F4_0001.0062",105.007865662496,16.8429326655878
"F4_0001.0063",103.730227225459,16.895929044957
"F4_0001.0064",112.810134755292,16.5192061638367
"F4_0001.0065",117.021599790191,16.5045491497839
"F4_0001.0066",114.46340588448,16.9087857119314
"F4_0001.0067",102.369869897581,16.5583405952011
"F4_0001.0068",103.562521096937,16.5611043044478
"F4_0001.0069",108.104009464333,16.8652644416564
"F4_0001.0070",112.55706391677,16.6849240001194
"F4_0001.0071",105.047873912369,17.0259114049465
"F4_0001.0072",114.394883931948,16.5619371417379
"F4_0001.0073",115.2263811154,15.8521161712691
"F4_0001.0074",114.469295911389,16.1529547265134
"F4_0001.0075",109.87070497912,16.5346248414873
"F4_0001.0076",99.2628552764064,16.7440371252625
"F4_0001.0077",108.933118783166,16.5380911296042
"F4_0001.0078",109.849800005981,16.8058784825505
"F4_0001.0079",109.871305786449,16.4670944877985
"F4_0001.0080",110.062253446629,16.8511457107179
"F4_0001.0081",110.738631942069,16.4447940509478
"F4_0001.0082",107.06606881152,16.5835723579619
"F4_0001.0083",119.433875565079,16.1501223795078
"F4_0001.0084",120.424713416722,16.0780861794248
"F4_0001.0085",110.697452226188,15.9232748422161
"F4_0001.0086",109.738447783574,16.5017719125239
"F4_0001.0087",110.043312139831,16.2052688128274
"F4_0001.0088",98.2283764604044,17.0898102254853
"F4_0001.0089",110.879728606759,16.3385097903791
"F4_0001.0090",113.677972119445,16.6000358783684
"F4_0001.0091",109.672736877549,16.680939780555
"F4_0001.0092",107.930360621555,16.4949314378134
"F4_0001.0093",113.308466869902,16.1310899441768
"F4_0001.0094",106.180797222544,16.1525506344727
"F4_0001.0095",104.602184593887,16.9732639503931
"F4_0001.0096",111.648978063953,16.4550226357546
"F4_0001.0097",107.483013409563,16.9203267575577
"F4_0001.0098",99.542570301223,17.0310758612784
"F4_0001.0099",103.872325828942,16.7986352680945
"F4_0001.0100",108.992871222675,16.5706726989239
"F4_0001.0101",105.985516840671,17.0129437068077
"F4_0001.0102",113.055341310665,16.6338553401955
"F4_0001.0103",114.125777973399,16.4142359689018
"F4_0001.0104",110.157199128112,16.8186418378831
"F4_0001.0105",109.102584612134,16.3981517111401
"F4_0001.0106",111.233338379827,16.1722307608555
"F4_0001.0107",105.066184905982,17.1586509351846
"F4_0001.0108",105.157835381259,16.728390218226
"F4_0001.0109",115.720348381949,16.5328489638745
"F4_0001.0110",112.645258614702,16.6644252979374
"F4_0001.0111",109.404000766521,16.6838372827225
"F4_0001.0112",108.352792336725,16.7820000816042
"F4_0001.0113",109.258749160713,16.20912001052
"F4_0001.0114",111.763070604604,16.5465194428883
"F4_0001.0115",103.109307686344,17.098136780816
"F4_0001.0116",105.233606173096,16.8925875270672
"F4_0001.0117",112.07596100175,16.8097365266262
"F4_0001.0118",108.085391576129,16.7638303488928
"F4_0001.0119",102.026056418352,16.8239659158402
"F4_0001.0120",101.9724366951,17.1543395390508
"F4_0001.0121",110.543744499751,16.5121542818129
"F4_0001.0122",115.59026061676,16.062287281149
"F4_0001.0123",111.613382169485,15.9328239037818
"F4_0001.0124",105.831166522985,16.2522794996148
"F4_0001.0125",113.324474970271,16.3091765494489
"F4_0001.0126",114.178635658645,16.3269947672405
"F4_0001.0127",107.761860368166,16.0921014898483
"F4_0001.0128",101.476210035707,16.6163709152802
"F4_0001.0129",107.373138521141,16.3856397895693
"F4_0001.0130",108.136132921055,16.7369261280988
"F4_0001.0131",107.39153521756,16.3845056898625
"F4_0001.0132",107.138335267213,16.4037320156199
"F4_0001.0133",108.300467536489,16.4808182623428
"F4_0001.0134",117.690677825816,16.581315002042
"F4_0001.0135",109.625898444371,16.8401458019665
"F4_0001.0136",105.964277836429,16.2042521185236
"F4_0001.0137",104.365265213135,16.6951444215372
"F4_0001.0138",107.684400358416,16.3598649703908
"F4_0001.0139",106.001108217712,16.8059373153861
"F4_0001.0140",100.360729232475,16.83403200894
"F4_0001.0141",102.047481697878,16.950712273313
"F4_0001.0142",107.642232205529,16.7932504713341
"F4_0001.0143",111.617319893218,16.8170415763988
"F4_0001.0144",111.212731054854,16.6113920270634
"F4_0001.0145",109.955895309399,16.7682063311241
"F4_0001.0146",108.643291939535,16.2605309777499
"F4_0001.0147",108.737866902363,16.5558711983367
"F4_0001.0148",104.671754464555,16.8101317035767
"F4_0001.0149",110.159992083058,16.6421869070863
"F4_0001.0150",105.882542326025,16.4814707177496
"F4_0001.0151",114.107242325506,16.4031369411969
"F4_0001.0152",105.6577422173,16.7036411635623
"F4_0001.0153",107.234481209111,16.2026348645458
"F4_0001.0154",110.421858466875,16.6568951610767
"F4_0001.0155",109.143636137927,16.6587713404986
"F4_0001.0156",113.830542041501,16.3633312651904
"F4_0001.0157",108.691342683478,16.6437725121662
"F4_0001.0158",106.678011303338,16.6400765389894
"F4_0001.0159",107.75290672181,16.4918380138397
"F4_0001.0160",114.177577092285,16.051526714527
"F4_0001.0161",107.78635597024,16.8680299601464
"F4_0001.0162",108.362929460873,16.0342409125929
"F4_0001.0163",110.984178367805,16.1232565354361
"F4_0001.0164",99.3992501503738,16.8511737893845
"F4_0001.0165",108.854950926708,16.513643485847
"F4_0001.0166",103.763785705963,16.9153893560841
"F4_0001.0167",105.194728863467,16.7495539404353
"F4_0001.0168",117.7944153299,16.5139855282318
"F4_0001.0169",112.997897571654,16.8899328391664
"F4_0001.0170",112.548517660157,16.4711521163307
"F4_0001.0171",108.131908694957,16.2683146068163
"F4_0001.0172",108.258926828921,16.5296332481474
"F4_0001.0173",106.461043727474,16.0742463733206
"F4_0001.0174",103.308716026446,16.7691131191688
"F4_0001.0175",104.223889157154,17.4102520883856
"F4_0001.0176",111.261415990187,16.4704599075359
"F4_0001.0177",113.88405033422,16.6232023041395
"F4_0001.0178",105.778480328462,16.1668914933964
"F4_0001.0179",106.779614074377,16.5852243003756
"F4_0001.0180",116.528284068812,16.9149917070856
"F4_0001.0181",113.571545723982,16.3693169874323
"F4_0001.0182",107.596806568257,16.7044453610231
"F4_0001.0183",112.630520132787,16.5442730607723
"F4_0001.0184",110.892610546993,16.7688799821631
"F4_0001.0185",114.448405893827,16.066656720017
"F4_0001.0186",108.812372476954,16.2320914977475
"F4_0001.0187",111.347054730599,16.6472964621475
"F4_0001.0188",106.925576091682,16.470719268141
"F4_0001.0189",105.021568394328,16.2183109342846
"F4_0001.0190",110.988373434968,16.4616880096723
"F4_0001.0191",108.037319862078,16.7329238566837
"F4_0001.0192",110.257804084178,16.3662204814744
"F4_0001.0193",112.362703438819,16.6208897225536
"F4_0001.0194",105.509985075542,16.2642727785193
"F4_0001.0195",105.029454094336,16.5732753878816
"F4_0001.0196",101.259076787903,16.6966251172198
"F4_0001.0197",102.326659940045,15.9499827501403
"F4_0001.0198",108.795588373751,16.4953032310676
"F4_0001.0199",109.59650906704,16.8513724334169
"F4_0001.0200",105.962777288408,16.8834209594017
"F4_0001.0201",103.979146824281,16.5834900460128
"F4_0001.0202",104.987985085956,16.5640604260962
"F4_0001.0203",107.187474120341,16.6283940095814
"F4_0001.0204",107.380558953474,16.4421586944701
"F4_0001.0205",113.804355873808,16.2264524050075
"F4_0001.0206",112.331266325626,16.8331921038617
"F4_0001.0207",105.165362444804,16.8209939071587
"F4_0001.0208",108.769763233818,16.5867414415297
"F4_0001.0209",114.448808774763,16.6292932860946
"F4_0001.0210",107.217722696663,16.8166213174037
"F4_0001.0211",106.431776945616,16.954727029148
"F4_0001.0212",110.284708544747,17.0447224117696
"F4_0001.0213",104.740386096483,16.6770904920453
"F4_0001.0214",108.59755602295,16.5709165660231
"F4_0001.0215",111.377966290273,16.1957543233953
"F4_0001.0216",111.152905049702,16.9843232823351
"F4_0001.0217",110.440226844379,16.5832119741366
"F4_0001.0218",105.76740785742,16.708547040353
"F4_0001.0219",111.98748784222,16.3941353745923
"F4_0001.0220",107.395174520601,16.751697088824
"F4_0001.0221",117.028304946253,16.4148142991645
"F4_0001.0222",100.91699220707,17.1420664330521
"F4_0001.0223",103.658876002387,16.8308731104148
"F4_0001.0224",111.905582463604,16.5555819515488
"F4_0001.0225",108.663952212158,16.2146979602723
"F4_0001.0226",108.245452543349,16.6179719366462
"F4_0001.0227",107.461070451997,16.6744229302287
"F4_0001.0228",103.138024545286,16.990935928123
"F4_0001.0229",109.649935289476,16.4244289840781
"F4_0001.0230",105.067633226726,16.344456143674
"F4_0001.0231",104.946247773455,16.6924157057733
"F4_0001.0232",112.802030265217,16.3980266953122
"F4_0001.0233",110.793646165195,15.9381556440327
"F4_0001.0234",117.200428264923,16.4160315382335
"F4_0001.0235",116.33309980361,16.2952753254482
"F4_0001.0236",112.902756342995,16.4619116554528
"F4_0001.0237",112.845500272801,16.2874688416866
"F4_0001.0238",110.218716886688,16.6935647345977
"F4_0001.0239",111.171160037454,16.6667275153267
"F4_0001.0240",115.333881399912,16.3858587228198
"F4_0001.0241",113.571615394758,16.347204945809
"F4_0001.0242",102.659023487088,16.4688651163397
"F4_0001.0243",104.290125706342,16.8085494540979
"F4_0001.0244",100.250856214284,16.6663901620418
"F4_0001.0245",103.470419344222,17.1943008068202
"F4_0001.0246",104.69787704227,16.5214308351592
"F4_0001.0247",110.551662817089,16.7087098263852
"F4_0001.0248",107.769632610983,16.837495250782
"F4_0001.0249",109.73269772039,16.7580398337015
"F4_0001.0250",110.494865094956,17.1705777724988
"F4_0001.0251",106.991998412837,16.0936638516559
"F4_0001.0252",106.824452609624,17.1163069838812
"F4_0001.0253",114.646125804635,16.567832937976
"F4_0001.0254",104.441799216313,17.1480039587493
"F4_0001.0255",108.526497333839,16.0381800749789
"F4_0001.0256",109.46228859401,16.0724226438501
"F4_0001.0257",106.45649789401,16.9827265754294
"F4_0001.0258",118.478874923247,16.3977345783155
"F4_0001.0259",106.921457686904,16.6585092450385
"F4_0001.0260",114.569625881573,16.4284032220075
"F4_0001.0261",103.810805083517,16.5889164029857
"F4_0001.0262",109.372947978358,16.4462120801552
"F4_0001.0263",102.363807577168,16.6232343513307
"F4_0001.0264",110.038531382079,16.5071684222767
"F4_0001.0265",106.679975974647,16.5685617916087
"F4_0001.0266",105.442228983876,16.3525123452206
"F4_0001.0267",118.23036553113,16.150044717162
"F4_0001.0268",110.189717719095,16.4721171944053
"F4_0001.0269",110.576660196876,16.9609156510721
"F4_0001.0270",104.780523864882,16.8596211925383
"F4_0001.0271",105.215561466077,16.6993351030317
"F4_0001.0272",111.871137918727,16.1361639845808
"F4_0001.0273",108.913149883911,16.5647990477143
"F4_0001.0274",104.510522797528,16.9824962681228
"F4_0001.0275",105.184207066999,16.8752787777947
"F4_0001.0276",108.301281002343,16.7420750911752
"F4_0001.0277",117.042505734726,16.6231388194955
"F4_0001.0278",99.7698126083899,16.4734684274535
"F4_0001.0279",110.71693865084,16.517757029217
"F4_0001.0280",108.238101960225,16.6522683996772
"F4_0001.0281",106.576005136071,16.7311875033171
"F4_0001.0282",105.782322277543,16.520321182395
"F4_0001.0283",108.355274673179,16.4364066041056
"F4_0001.0284",109.049799286509,16.2430198781409
"F4_0001.0285",106.132114637372,16.7456312307939
"F4_0001.0286",107.038544984336,16.8239693136458
"F4_0001.0287",105.182086321444,16.8476248831586
"F4_0001.0288",109.01952946456,16.3960710601386
"F4_0001.0289",107.853797744227,16.4018823714568
"F4_0001.0290",107.724502421026,16.14517880228
"F4_0001.0291",113.981942784827,16.8970229350145
"F4_0001.0292",115.702235290064,16.4762174975095
"F4_0001.0293",111.803075486357,16.7459842738631
"F4_0001.0294",102.218660139597,16.7687882662502
"F4_0001.0295",109.664097371914,16.8353179042109
"F4_0001.0296",110.442343616388,16.8240237710645
"F4_0001.0297",112.293314975688,16.6592086159859
"F4_0001.0298",113.050862253636,16.3856595496467
"F4_0001.0299",108.153260778328,16.9531264471347
"F4_0001.0300",113.798300507915,16.5557308868774
"F1_0001.0001",101.130563398258,16.2527412969888
"F1_0002.0001",98.7578787002736,15.3620167269924
"F1_0003.0001",106.456794910179,15.3787355302421
"F1_0004.0001",93.4316471883529,16.2360224937392
"Coll0402",123.285702476836,13.5278121917628
"Coll0425",74.2300549237112,17.1962212622221
"Coll0486",89.6278873435218,17.2296588687214
"Coll0659",112.633239452995,15.2758237252562
